{"cameraMode":{"drawMode":0,"name":"Shaded","section":"Shading Mode"},"sceneLighting":false,"audioPlay":false,"sceneViewState":{"showFog":true,"showMaterialUpdate":false,"showSkybox":false,"showFlares":true,"showImageEffects":true,"showParticleSystems":true},"in2DMode":false,"pivot":{"x":9.300000190734864,"y":-1.5157086849212647,"z":-6.992620468139648},"rotation":{"x":-0.1559075266122818,"y":0.540519654750824,"z":-0.10272544622421265,"w":-0.8203525543212891},"size":3.4349474906921388,"orthographic":false}