{"cameraMode":{"drawMode":0,"name":"Shaded","section":"Shading Mode"},"sceneLighting":false,"audioPlay":false,"sceneViewState":{"showFog":true,"showMaterialUpdate":false,"showSkybox":false,"showFlares":true,"showImageEffects":true,"showParticleSystems":true},"in2DMode":false,"pivot":{"x":9.329999923706055,"y":-1.538515567779541,"z":-15.7818021774292},"rotation":{"x":-0.1723557412624359,"y":0.43791863322257998,"z":-0.08595171570777893,"w":-0.8781417608261108},"size":3.737445116043091,"orthographic":false}